{
    "modelo": "ElasticNet",
    "best_value": 0.1228410456680531,
    "best_params": {
        "alpha": 1.9742085061691228,
        "l1_ratio": 0.9951340270562706,
        "tol": 1.0294716605563285e-05,
        "random_state": 13,
        "dayofyear": false,
        "week": false,
        "month": false,
        "quarter": false,
        "year": false
    }
}