{
    "0": {
        "modelo": "LGBM",
        "fch": 3,
        "best_value": 0.09524421921534572,
        "best_params": {
            "lambda_l1": 1.809067187353942e-05,
            "lambda_l2": 3.3580693261161807,
            "num_leaves": 201,
            "n_estimators": 130,
            "learning_rate": 0.4847253481382334,
            "feature_fraction": 0.05646825871325913,
            "min_data_in_leaf": 256,
            "bagging_fraction": 0.3453944330592316,
            "bagging_freq": 8,
            "day": false,
            "dayofyear": true,
            "week": true,
            "month": false,
            "quarter": true,
            "year": true,
            "n_lags_reg": 7,
            "n_lags_futr": 4
        }
    },
    "1": {
        "modelo": "LGBM",
        "fch": 5,
        "best_value": 0.08890859817283506,
        "best_params": {
            "lambda_l1": 7.147417978798782e-05,
            "lambda_l2": 0.019725604366671867,
            "num_leaves": 25,
            "n_estimators": 58,
            "learning_rate": 0.26923527341478626,
            "feature_fraction": 0.3777546563682842,
            "min_data_in_leaf": 82,
            "bagging_fraction": 0.04861029365606219,
            "bagging_freq": 4,
            "day": true,
            "dayofyear": true,
            "week": true,
            "month": true,
            "quarter": false,
            "year": true,
            "n_lags_reg": 5,
            "n_lags_futr": 7
        }
    },
    "2": {
        "modelo": "LGBM",
        "fch": 7,
        "best_value": 0.16627765225951746,
        "best_params": {
            "lambda_l1": 0.0006216759018761838,
            "lambda_l2": 0.00012658357218698612,
            "num_leaves": 207,
            "n_estimators": 125,
            "learning_rate": 0.1049132579962121,
            "feature_fraction": 0.019535690294001016,
            "min_data_in_leaf": 122,
            "bagging_fraction": 0.08810157136946016,
            "bagging_freq": 1,
            "day": false,
            "dayofyear": false,
            "week": false,
            "month": false,
            "quarter": true,
            "year": true,
            "n_lags_reg": 7,
            "n_lags_futr": 6
        }
    },
    "3": {
        "modelo": "LGBM",
        "fch": 10,
        "best_value": 0.15507258316791808,
        "best_params": {
            "lambda_l1": 0.5617587670065509,
            "lambda_l2": 0.024980195878689344,
            "num_leaves": 114,
            "n_estimators": 112,
            "learning_rate": 0.4008542854373494,
            "feature_fraction": 0.8841486289354427,
            "min_data_in_leaf": 198,
            "bagging_fraction": 0.24807081121360733,
            "bagging_freq": 8,
            "day": false,
            "dayofyear": false,
            "week": false,
            "month": false,
            "quarter": true,
            "year": false,
            "n_lags_reg": 4,
            "n_lags_futr": 6
        }
    },
    "4": {
        "modelo": "LGBM",
        "fch": 15,
        "best_value": 0.21650674307258858,
        "best_params": {
            "lambda_l1": 0.22793423860739645,
            "lambda_l2": 5.1297304432845774e-05,
            "num_leaves": 69,
            "n_estimators": 232,
            "learning_rate": 0.09734924019562073,
            "feature_fraction": 0.03311058463576408,
            "min_data_in_leaf": 168,
            "bagging_fraction": 0.28747525720434325,
            "bagging_freq": 2,
            "day": false,
            "dayofyear": false,
            "week": false,
            "month": false,
            "quarter": true,
            "year": true,
            "n_lags_reg": 2,
            "n_lags_futr": 4
        }
    },
    "5": {
        "modelo": "LGBM",
        "fch": 30,
        "best_value": 0.2644793537103408,
        "best_params": {
            "lambda_l1": 0.0001799798712618287,
            "lambda_l2": 0.0006621188879828426,
            "num_leaves": 99,
            "n_estimators": 102,
            "learning_rate": 0.11305100189270277,
            "feature_fraction": 0.01664073455011581,
            "min_data_in_leaf": 158,
            "bagging_fraction": 0.28430098396279996,
            "bagging_freq": 11,
            "day": true,
            "dayofyear": false,
            "week": true,
            "month": true,
            "quarter": false,
            "year": true,
            "n_lags_reg": 5,
            "n_lags_futr": 7
        }
    },
    "6": {
        "modelo": "LGBM",
        "fch": 60,
        "best_value": 0.2605334351569453,
        "best_params": {
            "lambda_l1": 9.520701539574786,
            "lambda_l2": 1.3698750153805677,
            "num_leaves": 218,
            "n_estimators": 246,
            "learning_rate": 0.014737984196497586,
            "feature_fraction": 0.39451317981790357,
            "min_data_in_leaf": 230,
            "bagging_fraction": 0.2712871567808033,
            "bagging_freq": 6,
            "day": true,
            "dayofyear": false,
            "week": true,
            "month": true,
            "quarter": false,
            "year": true,
            "n_lags_reg": 6,
            "n_lags_futr": 7
        }
    },
    "7": {
        "modelo": "LGBM",
        "fch": 90,
        "best_value": 0.37632518524158903,
        "best_params": {
            "lambda_l1": 0.02886391744657747,
            "lambda_l2": 6.966752913419475,
            "num_leaves": 136,
            "n_estimators": 94,
            "learning_rate": 0.09621987062776327,
            "feature_fraction": 0.029467303371616942,
            "min_data_in_leaf": 50,
            "bagging_fraction": 0.7205618434566459,
            "bagging_freq": 2,
            "day": false,
            "dayofyear": false,
            "week": false,
            "month": true,
            "quarter": false,
            "year": false,
            "n_lags_reg": 7,
            "n_lags_futr": 7
        }
    }
}