{
    "0": {
        "modelo": "LGBM",
        "fch": 3,
        "best_value": -0.7589419866960692,
        "best_params": {
            "lambda_l1": 0.001885868875851363,
            "lambda_l2": 3.261470534212287e-05,
            "num_leaves": 194,
            "n_estimators": 152,
            "learning_rate": 0.2691372091695159,
            "feature_fraction": 0.5679362435410807,
            "min_data_in_leaf": 126,
            "bagging_fraction": 0.07885598224914037,
            "bagging_freq": 11,
            "day": false,
            "dayofyear": true,
            "week": true,
            "month": false,
            "quarter": false,
            "year": true,
            "n_lags_reg": 3
        }
    },
    "1": {
        "modelo": "LGBM",
        "fch": 5,
        "best_value": -0.8181917318949485,
        "best_params": {
            "lambda_l1": 3.3156885021790166e-05,
            "lambda_l2": 0.00034948058085378786,
            "num_leaves": 11,
            "n_estimators": 240,
            "learning_rate": 0.022095097955153808,
            "feature_fraction": 0.24749940455215735,
            "min_data_in_leaf": 89,
            "bagging_fraction": 0.06285986588569585,
            "bagging_freq": 7,
            "day": false,
            "dayofyear": true,
            "week": false,
            "month": false,
            "quarter": true,
            "year": false,
            "n_lags_reg": 5
        }
    },
    "2": {
        "modelo": "LGBM",
        "fch": 7,
        "best_value": 0.4958257584133229,
        "best_params": {
            "lambda_l1": 0.6929839855683051,
            "lambda_l2": 0.0007658482673207589,
            "num_leaves": 91,
            "n_estimators": 93,
            "learning_rate": 0.08686014135066314,
            "feature_fraction": 0.04938280423995998,
            "min_data_in_leaf": 234,
            "bagging_fraction": 0.24719636081021432,
            "bagging_freq": 10,
            "day": false,
            "dayofyear": true,
            "week": false,
            "month": true,
            "quarter": false,
            "year": true,
            "n_lags_reg": 7
        }
    },
    "3": {
        "modelo": "LGBM",
        "fch": 10,
        "best_value": 0.382649024664788,
        "best_params": {
            "lambda_l1": 0.37493989184364224,
            "lambda_l2": 0.012779954670042561,
            "num_leaves": 19,
            "n_estimators": 15,
            "learning_rate": 0.24363733395722237,
            "feature_fraction": 0.025806759521508994,
            "min_data_in_leaf": 7,
            "bagging_fraction": 0.023053347283883766,
            "bagging_freq": 3,
            "day": true,
            "dayofyear": true,
            "week": false,
            "month": true,
            "quarter": true,
            "year": true,
            "n_lags_reg": 8
        }
    },
    "4": {
        "modelo": "LGBM",
        "fch": 15,
        "best_value": -0.024697527233489724,
        "best_params": {
            "lambda_l1": 0.00037787419188495226,
            "lambda_l2": 0.21788516956602713,
            "num_leaves": 61,
            "n_estimators": 137,
            "learning_rate": 0.08016875800671724,
            "feature_fraction": 0.04520481756914097,
            "min_data_in_leaf": 115,
            "bagging_fraction": 0.07139753030779507,
            "bagging_freq": 3,
            "day": true,
            "dayofyear": false,
            "week": true,
            "month": true,
            "quarter": false,
            "year": true,
            "n_lags_reg": 6
        }
    },
    "5": {
        "modelo": "LGBM",
        "fch": 30,
        "best_value": 0.3813583033092862,
        "best_params": {
            "lambda_l1": 0.00015378618974537387,
            "lambda_l2": 0.0018343894504804057,
            "num_leaves": 87,
            "n_estimators": 150,
            "learning_rate": 0.07167752045062792,
            "feature_fraction": 0.7329375745334287,
            "min_data_in_leaf": 40,
            "bagging_fraction": 0.05193821333247089,
            "bagging_freq": 9,
            "day": true,
            "dayofyear": true,
            "week": true,
            "month": true,
            "quarter": true,
            "year": true,
            "n_lags_reg": 7
        }
    },
    "6": {
        "modelo": "LGBM",
        "fch": 60,
        "best_value": 0.3120079633551589,
        "best_params": {
            "lambda_l1": 0.17145069068238303,
            "lambda_l2": 0.03443874736281248,
            "num_leaves": 219,
            "n_estimators": 147,
            "learning_rate": 0.14827997417071592,
            "feature_fraction": 0.045368631456812955,
            "min_data_in_leaf": 98,
            "bagging_fraction": 0.09902043671210597,
            "bagging_freq": 0,
            "day": false,
            "dayofyear": false,
            "week": true,
            "month": true,
            "quarter": false,
            "year": true,
            "n_lags_reg": 12
        }
    },
    "7": {
        "modelo": "LGBM",
        "fch": 90,
        "best_value": 0.1309878222910852,
        "best_params": {
            "lambda_l1": 0.004904125019632209,
            "lambda_l2": 1.0108190699855717,
            "num_leaves": 236,
            "n_estimators": 188,
            "learning_rate": 0.20975829183300793,
            "feature_fraction": 0.07875039788200722,
            "min_data_in_leaf": 161,
            "bagging_fraction": 0.6600822518351102,
            "bagging_freq": 6,
            "day": false,
            "dayofyear": false,
            "week": false,
            "month": true,
            "quarter": false,
            "year": true,
            "n_lags_reg": 71
        }
    }
}