{
    "modelo": "LGBM_opt_cv",
    "best_value": 0.1485754782439028,
    "best_params": {
        "lambda_l1": 0.00048991970007918,
        "lambda_l2": 0.004408226541423725,
        "num_leaves": 192,
        "n_estimators": 242,
        "learning_rate": 0.1667593669268002,
        "feature_fraction": 0.25179310854539977,
        "min_data_in_leaf": 46,
        "bagging_fraction": 0.7101850689607699,
        "bagging_freq": 6
    }
}