{
    "0": {
        "modelo": "LGBM",
        "fch": 3,
        "best_value": 0.1380454016869187,
        "best_params": {
            "lambda_l1": 8.563067188472107,
            "lambda_l2": 4.284743116192945,
            "num_leaves": 23,
            "n_estimators": 186,
            "learning_rate": 0.2336697772241271,
            "feature_fraction": 0.013234616661089754,
            "min_data_in_leaf": 119,
            "bagging_fraction": 0.11546822914102704,
            "bagging_freq": 0,
            "day": false,
            "dayofyear": false,
            "week": true,
            "month": false,
            "quarter": true,
            "year": true,
            "n_lags_reg": 1,
            "n_lags_futr": 6
        }
    },
    "1": {
        "modelo": "LGBM",
        "fch": 5,
        "best_value": 0.1064133814564531,
        "best_params": {
            "lambda_l1": 5.52370681014339,
            "lambda_l2": 0.00013256610198096534,
            "num_leaves": 54,
            "n_estimators": 147,
            "learning_rate": 0.2989202325495748,
            "feature_fraction": 0.3041179253214782,
            "min_data_in_leaf": 209,
            "bagging_fraction": 0.410802684897273,
            "bagging_freq": 6,
            "day": false,
            "dayofyear": false,
            "week": false,
            "month": false,
            "quarter": false,
            "year": false,
            "n_lags_reg": 4,
            "n_lags_futr": 6
        }
    },
    "2": {
        "modelo": "LGBM",
        "fch": 7,
        "best_value": 0.07671792981215222,
        "best_params": {
            "lambda_l1": 0.00807831814925691,
            "lambda_l2": 0.002071388295188176,
            "num_leaves": 126,
            "n_estimators": 39,
            "learning_rate": 0.17912089997250788,
            "feature_fraction": 0.6576031632220101,
            "min_data_in_leaf": 92,
            "bagging_fraction": 0.12201325030740692,
            "bagging_freq": 9,
            "day": false,
            "dayofyear": false,
            "week": true,
            "month": true,
            "quarter": false,
            "year": true,
            "n_lags_reg": 1,
            "n_lags_futr": 5
        }
    },
    "3": {
        "modelo": "LGBM",
        "fch": 10,
        "best_value": 0.2341941799858383,
        "best_params": {
            "lambda_l1": 7.984541211507597e-05,
            "lambda_l2": 0.018712964915477352,
            "num_leaves": 140,
            "n_estimators": 125,
            "learning_rate": 0.04596327929550547,
            "feature_fraction": 0.016710133247388757,
            "min_data_in_leaf": 81,
            "bagging_fraction": 0.17949953807565572,
            "bagging_freq": 14,
            "day": false,
            "dayofyear": false,
            "week": true,
            "month": false,
            "quarter": true,
            "year": true,
            "n_lags_reg": 2,
            "n_lags_futr": 7
        }
    },
    "4": {
        "modelo": "LGBM",
        "fch": 15,
        "best_value": 0.1796674950873217,
        "best_params": {
            "lambda_l1": 0.019146196465485526,
            "lambda_l2": 0.1949737464787902,
            "num_leaves": 37,
            "n_estimators": 121,
            "learning_rate": 0.49953687985750056,
            "feature_fraction": 0.4565045927862258,
            "min_data_in_leaf": 52,
            "bagging_fraction": 0.06845482088860953,
            "bagging_freq": 10,
            "day": true,
            "dayofyear": false,
            "week": false,
            "month": false,
            "quarter": false,
            "year": true,
            "n_lags_reg": 1,
            "n_lags_futr": 3
        }
    },
    "5": {
        "modelo": "LGBM",
        "fch": 30,
        "best_value": 0.24649903251401933,
        "best_params": {
            "lambda_l1": 0.00014492735537227657,
            "lambda_l2": 1.6326563834943252e-05,
            "num_leaves": 87,
            "n_estimators": 92,
            "learning_rate": 0.38525020950852723,
            "feature_fraction": 0.060556271576295014,
            "min_data_in_leaf": 7,
            "bagging_fraction": 0.5352256524602389,
            "bagging_freq": 12,
            "day": true,
            "dayofyear": false,
            "week": false,
            "month": false,
            "quarter": true,
            "year": true,
            "n_lags_reg": 4,
            "n_lags_futr": 2
        }
    },
    "6": {
        "modelo": "LGBM",
        "fch": 60,
        "best_value": 0.23970635775490248,
        "best_params": {
            "lambda_l1": 0.010594769811571304,
            "lambda_l2": 0.08677190123963466,
            "num_leaves": 234,
            "n_estimators": 98,
            "learning_rate": 0.309341665063711,
            "feature_fraction": 0.17935621551177816,
            "min_data_in_leaf": 255,
            "bagging_fraction": 0.20591819970548703,
            "bagging_freq": 12,
            "day": false,
            "dayofyear": false,
            "week": false,
            "month": true,
            "quarter": false,
            "year": false,
            "n_lags_reg": 6,
            "n_lags_futr": 7
        }
    },
    "7": {
        "modelo": "LGBM",
        "fch": 90,
        "best_value": 0.37671260892968583,
        "best_params": {
            "lambda_l1": 3.8852324085631826,
            "lambda_l2": 0.0004961506026934757,
            "num_leaves": 45,
            "n_estimators": 91,
            "learning_rate": 0.10120121802398888,
            "feature_fraction": 0.013737647867127613,
            "min_data_in_leaf": 178,
            "bagging_fraction": 0.5259215209429671,
            "bagging_freq": 0,
            "day": false,
            "dayofyear": false,
            "week": false,
            "month": true,
            "quarter": false,
            "year": true,
            "n_lags_reg": 7,
            "n_lags_futr": 5
        }
    }
}