{
    "0": {
        "modelo": "LGBM",
        "fch": 3,
        "best_value": 0.8935897780471052,
        "best_params": {
            "lambda_l1": 0.2771024592850207,
            "lambda_l2": 1.5493082973794907e-05,
            "num_leaves": 144,
            "n_estimators": 68,
            "learning_rate": 0.21714304984200383,
            "feature_fraction": 0.16900259403166087,
            "min_data_in_leaf": 33,
            "bagging_fraction": 0.09834421391381962,
            "bagging_freq": 11,
            "day": false,
            "dayofyear": false,
            "week": true,
            "month": true,
            "quarter": true,
            "year": true,
            "n_lags_reg": 1,
            "n_lags_futr": 5
        }
    },
    "1": {
        "modelo": "LGBM",
        "fch": 5,
        "best_value": 0.4041600053487211,
        "best_params": {
            "lambda_l1": 3.7128498684556785e-05,
            "lambda_l2": 0.3961286415225019,
            "num_leaves": 144,
            "n_estimators": 223,
            "learning_rate": 0.1537461799225687,
            "feature_fraction": 0.05050805903326994,
            "min_data_in_leaf": 237,
            "bagging_fraction": 0.3061333985412049,
            "bagging_freq": 9,
            "day": false,
            "dayofyear": false,
            "week": true,
            "month": false,
            "quarter": false,
            "year": true,
            "n_lags_reg": 6,
            "n_lags_futr": 5
        }
    },
    "2": {
        "modelo": "LGBM",
        "fch": 7,
        "best_value": 0.7450298914502214,
        "best_params": {
            "lambda_l1": 0.21413561160873362,
            "lambda_l2": 0.0030138483956087454,
            "num_leaves": 219,
            "n_estimators": 192,
            "learning_rate": 0.13140321187613835,
            "feature_fraction": 0.02904798477845654,
            "min_data_in_leaf": 127,
            "bagging_fraction": 0.24002789109067932,
            "bagging_freq": 9,
            "day": false,
            "dayofyear": false,
            "week": true,
            "month": true,
            "quarter": false,
            "year": true,
            "n_lags_reg": 1,
            "n_lags_futr": 6
        }
    },
    "3": {
        "modelo": "LGBM",
        "fch": 10,
        "best_value": 0.6034593404073146,
        "best_params": {
            "lambda_l1": 1.4451467462967509,
            "lambda_l2": 0.08057347136824342,
            "num_leaves": 18,
            "n_estimators": 193,
            "learning_rate": 0.09784669033770621,
            "feature_fraction": 0.023545519742353943,
            "min_data_in_leaf": 241,
            "bagging_fraction": 0.6640489121292839,
            "bagging_freq": 7,
            "day": false,
            "dayofyear": false,
            "week": false,
            "month": true,
            "quarter": true,
            "year": true,
            "n_lags_reg": 5,
            "n_lags_futr": 7
        }
    },
    "4": {
        "modelo": "LGBM",
        "fch": 15,
        "best_value": 0.3925330829966749,
        "best_params": {
            "lambda_l1": 0.0003005777226832119,
            "lambda_l2": 0.002927281669649375,
            "num_leaves": 130,
            "n_estimators": 232,
            "learning_rate": 0.28370552836474294,
            "feature_fraction": 0.9856781262183497,
            "min_data_in_leaf": 5,
            "bagging_fraction": 0.21773380880464357,
            "bagging_freq": 14,
            "day": false,
            "dayofyear": false,
            "week": true,
            "month": false,
            "quarter": true,
            "year": true,
            "n_lags_reg": 7,
            "n_lags_futr": 7
        }
    },
    "5": {
        "modelo": "LGBM",
        "fch": 30,
        "best_value": 0.29886110925796194,
        "best_params": {
            "lambda_l1": 4.242213042775635e-05,
            "lambda_l2": 0.008067096249699446,
            "num_leaves": 250,
            "n_estimators": 148,
            "learning_rate": 0.1477302336015609,
            "feature_fraction": 0.8079768157455991,
            "min_data_in_leaf": 210,
            "bagging_fraction": 0.19799488765629292,
            "bagging_freq": 12,
            "day": true,
            "dayofyear": false,
            "week": true,
            "month": true,
            "quarter": true,
            "year": true,
            "n_lags_reg": 6,
            "n_lags_futr": 7
        }
    },
    "6": {
        "modelo": "LGBM",
        "fch": 60,
        "best_value": 0.1864778504460537,
        "best_params": {
            "lambda_l1": 0.003080212600467838,
            "lambda_l2": 0.5762164171075764,
            "num_leaves": 200,
            "n_estimators": 198,
            "learning_rate": 0.40851963210287545,
            "feature_fraction": 0.048642614411944264,
            "min_data_in_leaf": 111,
            "bagging_fraction": 0.5056814369829744,
            "bagging_freq": 1,
            "day": false,
            "dayofyear": true,
            "week": true,
            "month": false,
            "quarter": true,
            "year": false,
            "n_lags_reg": 3,
            "n_lags_futr": 7
        }
    },
    "7": {
        "modelo": "LGBM",
        "fch": 90,
        "best_value": 0.08295850157973061,
        "best_params": {
            "lambda_l1": 3.9531599236393338,
            "lambda_l2": 0.007602336644462342,
            "num_leaves": 232,
            "n_estimators": 184,
            "learning_rate": 0.12653166097956445,
            "feature_fraction": 0.012022129017775987,
            "min_data_in_leaf": 95,
            "bagging_fraction": 0.1932075647851999,
            "bagging_freq": 14,
            "day": false,
            "dayofyear": false,
            "week": true,
            "month": false,
            "quarter": false,
            "year": true,
            "n_lags_reg": 1,
            "n_lags_futr": 5
        }
    }
}