{
    "modelo": "LinearSVR",
    "best_value": 0.09972257189955883,
    "best_params": {
        "loss": "epsilon_insensitive",
        "intercept_scaling": 1.0574609460388014,
        "tol": 2.142527082590813,
        "C": 0.07890048723674395,
        "epsilon": 1.371732190890664,
        "dayofyear": false,
        "week": true,
        "month": false,
        "quarter": true,
        "year": true
    }
}