{
    "0": {
        "modelo": "LinearSVR",
        "fch": 3,
        "best_value": 0.03856916585325867,
        "best_params": {
            "loss": "squared_epsilon_insensitive",
            "intercept_scaling": 0.5809969066238927,
            "tol": 0.009354487580599308,
            "C": 0.11565797670945992,
            "epsilon": 0.03320561506672863,
            "day": true,
            "dayofyear": true,
            "week": true,
            "month": false,
            "quarter": true,
            "year": true,
            "n_lags_reg": 2,
            "n_lags_futr": 1
        }
    },
    "1": {
        "modelo": "LinearSVR",
        "fch": 5,
        "best_value": 0.09422756682148332,
        "best_params": {
            "loss": "epsilon_insensitive",
            "intercept_scaling": 0.04323523014209616,
            "tol": 0.4583835456213707,
            "C": 0.15343560396036385,
            "epsilon": 4.407703201040391,
            "day": true,
            "dayofyear": false,
            "week": false,
            "month": true,
            "quarter": true,
            "year": true,
            "n_lags_reg": 2,
            "n_lags_futr": 3
        }
    },
    "2": {
        "modelo": "LinearSVR",
        "fch": 7,
        "best_value": 0.21936654279355913,
        "best_params": {
            "loss": "epsilon_insensitive",
            "intercept_scaling": 0.003056457539823829,
            "tol": 0.10140972914236873,
            "C": 0.4458571742795908,
            "epsilon": 4.9543709678804655,
            "day": false,
            "dayofyear": false,
            "week": true,
            "month": true,
            "quarter": true,
            "year": true,
            "n_lags_reg": 2,
            "n_lags_futr": 4
        }
    },
    "3": {
        "modelo": "LinearSVR",
        "fch": 10,
        "best_value": 0.28987375408984545,
        "best_params": {
            "loss": "epsilon_insensitive",
            "intercept_scaling": 0.44078839946455206,
            "tol": 0.024004456656283698,
            "C": 0.38655210701908205,
            "epsilon": 0.24029586474052533,
            "day": true,
            "dayofyear": false,
            "week": false,
            "month": true,
            "quarter": false,
            "year": true,
            "n_lags_reg": 1,
            "n_lags_futr": 5
        }
    },
    "4": {
        "modelo": "LinearSVR",
        "fch": 15,
        "best_value": 0.2844350806814869,
        "best_params": {
            "loss": "epsilon_insensitive",
            "intercept_scaling": 0.05605161002508662,
            "tol": 0.006896775000703192,
            "C": 0.10588335416510798,
            "epsilon": 0.3780338795391038,
            "day": true,
            "dayofyear": false,
            "week": false,
            "month": true,
            "quarter": false,
            "year": true,
            "n_lags_reg": 7,
            "n_lags_futr": 7
        }
    },
    "5": {
        "modelo": "LinearSVR",
        "fch": 30,
        "best_value": 0.2906221767715663,
        "best_params": {
            "loss": "squared_epsilon_insensitive",
            "intercept_scaling": 0.5560634215723284,
            "tol": 0.002203364809217192,
            "C": 1.3495175444404321,
            "epsilon": 0.0023421960303693225,
            "day": true,
            "dayofyear": false,
            "week": false,
            "month": true,
            "quarter": true,
            "year": true,
            "n_lags_reg": 4,
            "n_lags_futr": 6
        }
    },
    "6": {
        "modelo": "LinearSVR",
        "fch": 60,
        "best_value": 0.2610663019984903,
        "best_params": {
            "loss": "squared_epsilon_insensitive",
            "intercept_scaling": 0.05956747266570011,
            "tol": 0.0018001329563767726,
            "C": 0.11927800498563904,
            "epsilon": 2.110568921701332,
            "day": true,
            "dayofyear": true,
            "week": false,
            "month": true,
            "quarter": true,
            "year": true,
            "n_lags_reg": 1,
            "n_lags_futr": 5
        }
    },
    "7": {
        "modelo": "LinearSVR",
        "fch": 90,
        "best_value": 0.35244815817675745,
        "best_params": {
            "loss": "squared_epsilon_insensitive",
            "intercept_scaling": 0.014600460803975234,
            "tol": 1.6740876378662468,
            "C": 2.065796247096397,
            "epsilon": 4.978783336310033,
            "day": false,
            "dayofyear": true,
            "week": false,
            "month": true,
            "quarter": true,
            "year": true,
            "n_lags_reg": 6,
            "n_lags_futr": 6
        }
    }
}