{
    "0": {
        "modelo": "LinearSVR",
        "fch": 3,
        "best_value": 0.860408819694342,
        "best_params": {
            "loss": "squared_epsilon_insensitive",
            "intercept_scaling": 0.436870752721798,
            "tol": 0.0019678459374278027,
            "C": 0.0013750620822048857,
            "epsilon": 4.777141799522199,
            "day": false,
            "dayofyear": false,
            "week": true,
            "month": false,
            "quarter": true,
            "year": true,
            "n_lags_reg": 2,
            "n_lags_futr": 7
        }
    },
    "1": {
        "modelo": "LinearSVR",
        "fch": 5,
        "best_value": 0.30789115472449646,
        "best_params": {
            "loss": "squared_epsilon_insensitive",
            "intercept_scaling": 0.04685201190523025,
            "tol": 0.009824746340218512,
            "C": 0.0015679993204936434,
            "epsilon": 4.921216009027362,
            "day": true,
            "dayofyear": false,
            "week": true,
            "month": true,
            "quarter": false,
            "year": true,
            "n_lags_reg": 2,
            "n_lags_futr": 3
        }
    },
    "2": {
        "modelo": "LinearSVR",
        "fch": 7,
        "best_value": 0.33129562758545483,
        "best_params": {
            "loss": "squared_epsilon_insensitive",
            "intercept_scaling": 0.03156610902443033,
            "tol": 0.8631260036198964,
            "C": 0.12308908840466207,
            "epsilon": 0.006955190214735761,
            "day": false,
            "dayofyear": true,
            "week": false,
            "month": true,
            "quarter": true,
            "year": true,
            "n_lags_reg": 7,
            "n_lags_futr": 6
        }
    },
    "3": {
        "modelo": "LinearSVR",
        "fch": 10,
        "best_value": 0.1476058685681122,
        "best_params": {
            "loss": "squared_epsilon_insensitive",
            "intercept_scaling": 0.020645271621982805,
            "tol": 0.004718296803583459,
            "C": 0.0010130156404347397,
            "epsilon": 1.165427993144282,
            "day": false,
            "dayofyear": false,
            "week": false,
            "month": true,
            "quarter": false,
            "year": true,
            "n_lags_reg": 6,
            "n_lags_futr": 6
        }
    },
    "4": {
        "modelo": "LinearSVR",
        "fch": 15,
        "best_value": 0.4361902544724965,
        "best_params": {
            "loss": "squared_epsilon_insensitive",
            "intercept_scaling": 1.0077139281084628,
            "tol": 0.0048229993343266815,
            "C": 0.11195892867578154,
            "epsilon": 4.1585711999437835,
            "day": false,
            "dayofyear": false,
            "week": false,
            "month": true,
            "quarter": true,
            "year": false,
            "n_lags_reg": 6,
            "n_lags_futr": 6
        }
    },
    "5": {
        "modelo": "LinearSVR",
        "fch": 30,
        "best_value": 0.26741654726094943,
        "best_params": {
            "loss": "epsilon_insensitive",
            "intercept_scaling": 0.21933028904666618,
            "tol": 0.08912892942041781,
            "C": 3.593280953010707,
            "epsilon": 0.8289431495618892,
            "day": true,
            "dayofyear": false,
            "week": false,
            "month": false,
            "quarter": true,
            "year": false,
            "n_lags_reg": 4,
            "n_lags_futr": 2
        }
    },
    "6": {
        "modelo": "LinearSVR",
        "fch": 60,
        "best_value": 0.07364407271798601,
        "best_params": {
            "loss": "squared_epsilon_insensitive",
            "intercept_scaling": 2.5553891211988606,
            "tol": 0.8666559842402793,
            "C": 1.114860299895978,
            "epsilon": 4.693289596569415,
            "day": true,
            "dayofyear": false,
            "week": false,
            "month": true,
            "quarter": true,
            "year": true,
            "n_lags_reg": 4,
            "n_lags_futr": 5
        }
    },
    "7": {
        "modelo": "LinearSVR",
        "fch": 90,
        "best_value": 0.5597249029174038,
        "best_params": {
            "loss": "squared_epsilon_insensitive",
            "intercept_scaling": 0.001410618251689153,
            "tol": 0.0062281959872375415,
            "C": 0.029957829420165945,
            "epsilon": 0.005414766903695063,
            "day": true,
            "dayofyear": false,
            "week": true,
            "month": true,
            "quarter": true,
            "year": true,
            "n_lags_reg": 2,
            "n_lags_futr": 2
        }
    }
}