{
    "0": {
        "modelo": "LinearSVR",
        "fch": 3,
        "best_value": 0.8605040248153465,
        "best_params": {
            "loss": "squared_epsilon_insensitive",
            "intercept_scaling": 0.40932514331622893,
            "tol": 0.5035665861164348,
            "C": 0.0027826215605680467,
            "epsilon": 0.01432048057321666,
            "day": true,
            "dayofyear": true,
            "week": true,
            "month": false,
            "quarter": true,
            "year": true,
            "n_lags_reg": 2
        }
    },
    "1": {
        "modelo": "LinearSVR",
        "fch": 5,
        "best_value": 0.2740812796445933,
        "best_params": {
            "loss": "squared_epsilon_insensitive",
            "intercept_scaling": 2.7629263533465913,
            "tol": 0.2784437740770834,
            "C": 0.0010098072585068786,
            "epsilon": 3.155267102489393,
            "day": false,
            "dayofyear": false,
            "week": false,
            "month": true,
            "quarter": false,
            "year": true,
            "n_lags_reg": 2
        }
    },
    "2": {
        "modelo": "LinearSVR",
        "fch": 7,
        "best_value": -0.5556932338638889,
        "best_params": {
            "loss": "squared_epsilon_insensitive",
            "intercept_scaling": 2.5671775921513214,
            "tol": 2.9629278289862664,
            "C": 3.245015926379117,
            "epsilon": 0.0010008746954759105,
            "day": true,
            "dayofyear": false,
            "week": false,
            "month": true,
            "quarter": false,
            "year": true,
            "n_lags_reg": 1
        }
    },
    "3": {
        "modelo": "LinearSVR",
        "fch": 10,
        "best_value": -1.1067003587841366,
        "best_params": {
            "loss": "epsilon_insensitive",
            "intercept_scaling": 0.7893824947627808,
            "tol": 0.649688201267673,
            "C": 1.1927029867612846,
            "epsilon": 0.0010018554881588467,
            "day": true,
            "dayofyear": false,
            "week": true,
            "month": false,
            "quarter": true,
            "year": true,
            "n_lags_reg": 1
        }
    },
    "4": {
        "modelo": "LinearSVR",
        "fch": 15,
        "best_value": -2.0279552253028057,
        "best_params": {
            "loss": "epsilon_insensitive",
            "intercept_scaling": 0.5619502469297705,
            "tol": 4.989986000194916,
            "C": 0.0539997923805926,
            "epsilon": 1.854272637121483,
            "day": false,
            "dayofyear": false,
            "week": true,
            "month": false,
            "quarter": false,
            "year": true,
            "n_lags_reg": 9
        }
    },
    "5": {
        "modelo": "LinearSVR",
        "fch": 30,
        "best_value": 0.16827744585765303,
        "best_params": {
            "loss": "squared_epsilon_insensitive",
            "intercept_scaling": 4.780261297588752,
            "tol": 0.0013737019871568766,
            "C": 0.511261856404266,
            "epsilon": 0.08762645865177128,
            "day": true,
            "dayofyear": false,
            "week": true,
            "month": false,
            "quarter": true,
            "year": false,
            "n_lags_reg": 12
        }
    },
    "6": {
        "modelo": "LinearSVR",
        "fch": 60,
        "best_value": 0.21704235286647666,
        "best_params": {
            "loss": "squared_epsilon_insensitive",
            "intercept_scaling": 3.319409753430721,
            "tol": 2.075538585315888,
            "C": 0.043779037539129886,
            "epsilon": 0.08269037857005085,
            "day": true,
            "dayofyear": false,
            "week": true,
            "month": true,
            "quarter": true,
            "year": true,
            "n_lags_reg": 49
        }
    },
    "7": {
        "modelo": "LinearSVR",
        "fch": 90,
        "best_value": 0.06684453212854358,
        "best_params": {
            "loss": "squared_epsilon_insensitive",
            "intercept_scaling": 2.009657828379667,
            "tol": 3.7161121808245046,
            "C": 0.7046247231288251,
            "epsilon": 0.642517363883572,
            "day": true,
            "dayofyear": false,
            "week": true,
            "month": true,
            "quarter": false,
            "year": false,
            "n_lags_reg": 74
        }
    }
}