{
    "modelo": "LSTM-CV",
    "fh": 1,
    "best_trial": 66,
    "best_value": 0.07801769837962377,
    "best_params": {
        "encoder_n_layers": 1,
        "encoder_hidden_size": 220,
        "encoder_dropout": 0.2040758975029051,
        "learning_rate": 0.0008173428080548387
    }
}