{
    "modelo": "LSTM-CV",
    "fh": 1,
    "best_trial": 74,
    "best_value": 0.07601524408948077,
    "best_params": {
        "encoder_n_layers": 3,
        "encoder_hidden_size": 136,
        "encoder_dropout": 0.15894687923927664,
        "learning_rate": 0.0010208703896984403
    }
}