{
    "0": {
        "modelo": "LinearSVR",
        "fch": 3,
        "best_value": 0.04761487964050783,
        "best_params": {
            "loss": "epsilon_insensitive",
            "intercept_scaling": 0.017247136800406897,
            "tol": 0.45088743488245725,
            "C": 4.092701277063918,
            "epsilon": 0.0014620125388357978,
            "day": false,
            "dayofyear": true,
            "week": false,
            "month": false,
            "quarter": true,
            "year": true,
            "n_lags_reg": 2,
            "n_lags_futr": 7
        }
    },
    "1": {
        "modelo": "LinearSVR",
        "fch": 5,
        "best_value": 0.11371034782409198,
        "best_params": {
            "loss": "epsilon_insensitive",
            "intercept_scaling": 0.7549805215308357,
            "tol": 0.43685108312932275,
            "C": 0.714356447841361,
            "epsilon": 4.9987712121108485,
            "day": true,
            "dayofyear": false,
            "week": true,
            "month": true,
            "quarter": true,
            "year": true,
            "n_lags_reg": 2,
            "n_lags_futr": 1
        }
    },
    "2": {
        "modelo": "LinearSVR",
        "fch": 7,
        "best_value": 0.13063577791756775,
        "best_params": {
            "loss": "epsilon_insensitive",
            "intercept_scaling": 0.24972202287988765,
            "tol": 0.7711371483718378,
            "C": 0.05202434058336696,
            "epsilon": 0.48038352519163013,
            "day": false,
            "dayofyear": true,
            "week": true,
            "month": false,
            "quarter": false,
            "year": true,
            "n_lags_reg": 7,
            "n_lags_futr": 6
        }
    },
    "3": {
        "modelo": "LinearSVR",
        "fch": 10,
        "best_value": 0.23380693276022732,
        "best_params": {
            "loss": "squared_epsilon_insensitive",
            "intercept_scaling": 0.0010242546787835518,
            "tol": 1.0512363447281667,
            "C": 0.012988002771331652,
            "epsilon": 0.0010072455761911936,
            "day": false,
            "dayofyear": false,
            "week": false,
            "month": true,
            "quarter": true,
            "year": true,
            "n_lags_reg": 7,
            "n_lags_futr": 7
        }
    },
    "4": {
        "modelo": "LinearSVR",
        "fch": 15,
        "best_value": 0.24674944870571766,
        "best_params": {
            "loss": "epsilon_insensitive",
            "intercept_scaling": 0.0015834494269665461,
            "tol": 0.00506490810902389,
            "C": 0.047150221802668535,
            "epsilon": 0.3982553861283528,
            "day": false,
            "dayofyear": false,
            "week": false,
            "month": true,
            "quarter": false,
            "year": false,
            "n_lags_reg": 6,
            "n_lags_futr": 6
        }
    },
    "5": {
        "modelo": "LinearSVR",
        "fch": 30,
        "best_value": 0.2696414265802384,
        "best_params": {
            "loss": "epsilon_insensitive",
            "intercept_scaling": 0.21933028904666618,
            "tol": 0.08912892942041781,
            "C": 3.593280953010707,
            "epsilon": 0.8289431495618892,
            "day": true,
            "dayofyear": false,
            "week": false,
            "month": false,
            "quarter": true,
            "year": false,
            "n_lags_reg": 4,
            "n_lags_futr": 2
        }
    },
    "6": {
        "modelo": "LinearSVR",
        "fch": 60,
        "best_value": 0.2636579133586388,
        "best_params": {
            "loss": "squared_epsilon_insensitive",
            "intercept_scaling": 0.051558434932131116,
            "tol": 0.00754344850512915,
            "C": 1.8581933700129232,
            "epsilon": 0.01002429265046571,
            "day": true,
            "dayofyear": false,
            "week": false,
            "month": false,
            "quarter": false,
            "year": true,
            "n_lags_reg": 4,
            "n_lags_futr": 7
        }
    },
    "7": {
        "modelo": "LinearSVR",
        "fch": 90,
        "best_value": 0.36990906493470654,
        "best_params": {
            "loss": "epsilon_insensitive",
            "intercept_scaling": 3.0292667324857385,
            "tol": 1.9227890379864425,
            "C": 0.23676161232770726,
            "epsilon": 0.10648543838113397,
            "day": false,
            "dayofyear": false,
            "week": false,
            "month": true,
            "quarter": false,
            "year": false,
            "n_lags_reg": 5,
            "n_lags_futr": 3
        }
    }
}