{
    "modelo": "LSTM-CV",
    "fh": 1,
    "best_trial": 39,
    "best_value": 0.06321126286481399,
    "best_params": {
        "encoder_n_layers": 3,
        "encoder_hidden_size": 24,
        "encoder_dropout": 0.09923086111108709,
        "learning_rate": 0.06216821518078201
    }
}