{
    "0": {
        "modelo": "LGBM",
        "fch": 3,
        "best_value": 0.19143851351761865,
        "best_params": {
            "lambda_l1": 2.0073942510608255e-05,
            "lambda_l2": 0.01321024307239394,
            "num_leaves": 14,
            "n_estimators": 172,
            "learning_rate": 0.3774517608335315,
            "feature_fraction": 0.42720997591233545,
            "min_data_in_leaf": 215,
            "bagging_fraction": 0.28214935930089285,
            "bagging_freq": 3,
            "day": false,
            "dayofyear": false,
            "week": true,
            "month": false,
            "quarter": true,
            "year": false,
            "n_lags_reg": 4,
            "n_lags_futr": 1
        }
    },
    "1": {
        "modelo": "LGBM",
        "fch": 5,
        "best_value": 0.14753957283417424,
        "best_params": {
            "lambda_l1": 3.9993561593932876,
            "lambda_l2": 0.05592945335582557,
            "num_leaves": 238,
            "n_estimators": 186,
            "learning_rate": 0.015907408490164678,
            "feature_fraction": 0.34121075002744533,
            "min_data_in_leaf": 83,
            "bagging_fraction": 0.11459183542928175,
            "bagging_freq": 7,
            "day": true,
            "dayofyear": false,
            "week": false,
            "month": false,
            "quarter": false,
            "year": true,
            "n_lags_reg": 2,
            "n_lags_futr": 3
        }
    },
    "2": {
        "modelo": "LGBM",
        "fch": 7,
        "best_value": 0.17184470641145164,
        "best_params": {
            "lambda_l1": 0.0004873257870272932,
            "lambda_l2": 0.00038857230124236396,
            "num_leaves": 220,
            "n_estimators": 45,
            "learning_rate": 0.1669935953179497,
            "feature_fraction": 0.13613534033652142,
            "min_data_in_leaf": 79,
            "bagging_fraction": 0.07982658916698299,
            "bagging_freq": 2,
            "day": false,
            "dayofyear": true,
            "week": true,
            "month": false,
            "quarter": false,
            "year": false,
            "n_lags_reg": 6,
            "n_lags_futr": 6
        }
    },
    "3": {
        "modelo": "LGBM",
        "fch": 10,
        "best_value": 0.17429278384848748,
        "best_params": {
            "lambda_l1": 0.21974500951724152,
            "lambda_l2": 2.946316196278235e-05,
            "num_leaves": 150,
            "n_estimators": 79,
            "learning_rate": 0.1056991438338623,
            "feature_fraction": 0.039804776480484264,
            "min_data_in_leaf": 69,
            "bagging_fraction": 0.06776043124556105,
            "bagging_freq": 9,
            "day": true,
            "dayofyear": false,
            "week": true,
            "month": true,
            "quarter": true,
            "year": false,
            "n_lags_reg": 7,
            "n_lags_futr": 7
        }
    },
    "4": {
        "modelo": "LGBM",
        "fch": 15,
        "best_value": 0.24723351041360012,
        "best_params": {
            "lambda_l1": 1.8525897846156268e-05,
            "lambda_l2": 1.0058925036877478e-05,
            "num_leaves": 59,
            "n_estimators": 239,
            "learning_rate": 0.3952626362572389,
            "feature_fraction": 0.09752172514312545,
            "min_data_in_leaf": 117,
            "bagging_fraction": 0.35217638782653643,
            "bagging_freq": 9,
            "day": true,
            "dayofyear": true,
            "week": true,
            "month": false,
            "quarter": false,
            "year": true,
            "n_lags_reg": 6,
            "n_lags_futr": 3
        }
    },
    "5": {
        "modelo": "LGBM",
        "fch": 30,
        "best_value": 0.2872352530266496,
        "best_params": {
            "lambda_l1": 3.092051507671607,
            "lambda_l2": 5.813239464320783,
            "num_leaves": 193,
            "n_estimators": 24,
            "learning_rate": 0.1737433176181644,
            "feature_fraction": 0.06431454469846248,
            "min_data_in_leaf": 123,
            "bagging_fraction": 0.5364645877080817,
            "bagging_freq": 2,
            "day": true,
            "dayofyear": false,
            "week": false,
            "month": false,
            "quarter": true,
            "year": true,
            "n_lags_reg": 2,
            "n_lags_futr": 6
        }
    },
    "6": {
        "modelo": "LGBM",
        "fch": 60,
        "best_value": 0.26523387889047956,
        "best_params": {
            "lambda_l1": 3.2328620595566164,
            "lambda_l2": 9.572887687593306e-05,
            "num_leaves": 245,
            "n_estimators": 220,
            "learning_rate": 0.004830119595788117,
            "feature_fraction": 0.8158803058184135,
            "min_data_in_leaf": 25,
            "bagging_fraction": 0.09750064249137157,
            "bagging_freq": 3,
            "day": true,
            "dayofyear": true,
            "week": true,
            "month": true,
            "quarter": false,
            "year": true,
            "n_lags_reg": 6,
            "n_lags_futr": 7
        }
    },
    "7": {
        "modelo": "LGBM",
        "fch": 90,
        "best_value": 0.37866264529859756,
        "best_params": {
            "lambda_l1": 0.006346759597298914,
            "lambda_l2": 5.904854149145378e-05,
            "num_leaves": 18,
            "n_estimators": 240,
            "learning_rate": 0.2752532401965852,
            "feature_fraction": 0.3186986152949603,
            "min_data_in_leaf": 128,
            "bagging_fraction": 0.20413033680159837,
            "bagging_freq": 10,
            "day": true,
            "dayofyear": false,
            "week": true,
            "month": true,
            "quarter": false,
            "year": true,
            "n_lags_reg": 4,
            "n_lags_futr": 3
        }
    }
}