{
    "0": {
        "modelo": "LinearSVR",
        "fch": 3,
        "best_value": 0.06932844284563534,
        "best_params": {
            "loss": "squared_epsilon_insensitive",
            "intercept_scaling": 0.053738577240854006,
            "tol": 0.00842210478022112,
            "C": 0.7572085242167482,
            "epsilon": 0.02907934356260434,
            "day": false,
            "dayofyear": false,
            "week": true,
            "month": true,
            "quarter": true,
            "year": true,
            "n_lags_reg": 2,
            "n_lags_futr": 2
        }
    },
    "1": {
        "modelo": "LinearSVR",
        "fch": 5,
        "best_value": 0.10912877664916672,
        "best_params": {
            "loss": "epsilon_insensitive",
            "intercept_scaling": 3.130585656290882,
            "tol": 0.06809940004800596,
            "C": 0.1530072443334965,
            "epsilon": 0.0010241974751951496,
            "day": true,
            "dayofyear": true,
            "week": true,
            "month": true,
            "quarter": true,
            "year": true,
            "n_lags_reg": 2,
            "n_lags_futr": 2
        }
    },
    "2": {
        "modelo": "LinearSVR",
        "fch": 7,
        "best_value": 0.20510038873095965,
        "best_params": {
            "loss": "squared_epsilon_insensitive",
            "intercept_scaling": 4.793362256539857,
            "tol": 0.23884397293868326,
            "C": 0.11479034268305349,
            "epsilon": 0.012254815433199425,
            "day": false,
            "dayofyear": true,
            "week": true,
            "month": false,
            "quarter": false,
            "year": true,
            "n_lags_reg": 2,
            "n_lags_futr": 3
        }
    },
    "3": {
        "modelo": "LinearSVR",
        "fch": 10,
        "best_value": 0.23660855970765607,
        "best_params": {
            "loss": "squared_epsilon_insensitive",
            "intercept_scaling": 0.27122096246712935,
            "tol": 0.16145022579168358,
            "C": 0.004591645308768201,
            "epsilon": 0.0010019343304122346,
            "day": false,
            "dayofyear": false,
            "week": false,
            "month": false,
            "quarter": true,
            "year": false,
            "n_lags_reg": 2,
            "n_lags_futr": 6
        }
    },
    "4": {
        "modelo": "LinearSVR",
        "fch": 15,
        "best_value": 0.2500812620845434,
        "best_params": {
            "loss": "squared_epsilon_insensitive",
            "intercept_scaling": 1.8734033124312268,
            "tol": 0.006058840855274997,
            "C": 0.016306083143561124,
            "epsilon": 0.007210218246386989,
            "day": true,
            "dayofyear": false,
            "week": false,
            "month": false,
            "quarter": true,
            "year": false,
            "n_lags_reg": 4,
            "n_lags_futr": 6
        }
    },
    "5": {
        "modelo": "LinearSVR",
        "fch": 30,
        "best_value": 0.2813039671663478,
        "best_params": {
            "loss": "epsilon_insensitive",
            "intercept_scaling": 0.6595666088083824,
            "tol": 0.0036646257477365076,
            "C": 0.026732258704461817,
            "epsilon": 0.012614128708490248,
            "day": true,
            "dayofyear": false,
            "week": false,
            "month": true,
            "quarter": true,
            "year": true,
            "n_lags_reg": 7,
            "n_lags_futr": 7
        }
    },
    "6": {
        "modelo": "LinearSVR",
        "fch": 60,
        "best_value": 0.25578906873987683,
        "best_params": {
            "loss": "epsilon_insensitive",
            "intercept_scaling": 0.019631700958640905,
            "tol": 3.0625237299602173,
            "C": 1.400257249460507,
            "epsilon": 0.051514443425535426,
            "day": true,
            "dayofyear": false,
            "week": true,
            "month": false,
            "quarter": false,
            "year": true,
            "n_lags_reg": 5,
            "n_lags_futr": 5
        }
    },
    "7": {
        "modelo": "LinearSVR",
        "fch": 90,
        "best_value": 0.3504663732786561,
        "best_params": {
            "loss": "epsilon_insensitive",
            "intercept_scaling": 1.86596541700156,
            "tol": 0.16800179797531167,
            "C": 3.1155639469670056,
            "epsilon": 0.0733820115048659,
            "day": false,
            "dayofyear": true,
            "week": false,
            "month": true,
            "quarter": false,
            "year": true,
            "n_lags_reg": 4,
            "n_lags_futr": 6
        }
    }
}