{
    "0": {
        "modelo": "LGBM",
        "fch": 3,
        "best_value": 0.029424337533148128,
        "best_params": {
            "lambda_l1": 8.828496375600363e-05,
            "lambda_l2": 7.188689567861107e-05,
            "num_leaves": 16,
            "n_estimators": 85,
            "learning_rate": 0.25811844931791167,
            "feature_fraction": 0.1441310811246246,
            "min_data_in_leaf": 213,
            "bagging_fraction": 0.2659891622856397,
            "bagging_freq": 8,
            "day": false,
            "dayofyear": false,
            "week": false,
            "month": false,
            "quarter": true,
            "year": true,
            "n_lags_reg": 3,
            "n_lags_futr": 6
        }
    },
    "1": {
        "modelo": "LGBM",
        "fch": 5,
        "best_value": 0.10809774556498877,
        "best_params": {
            "lambda_l1": 0.005997997919774199,
            "lambda_l2": 0.00015343897444630144,
            "num_leaves": 15,
            "n_estimators": 138,
            "learning_rate": 0.2746506049930865,
            "feature_fraction": 0.05378540436227252,
            "min_data_in_leaf": 159,
            "bagging_fraction": 0.19873638833975568,
            "bagging_freq": 15,
            "day": false,
            "dayofyear": true,
            "week": true,
            "month": true,
            "quarter": true,
            "year": true,
            "n_lags_reg": 4,
            "n_lags_futr": 7
        }
    },
    "2": {
        "modelo": "LGBM",
        "fch": 7,
        "best_value": 0.10670812653697256,
        "best_params": {
            "lambda_l1": 0.0023553777923767103,
            "lambda_l2": 0.0013730746439690536,
            "num_leaves": 107,
            "n_estimators": 115,
            "learning_rate": 0.3790381469670614,
            "feature_fraction": 0.03651398277473677,
            "min_data_in_leaf": 47,
            "bagging_fraction": 0.04778346241509925,
            "bagging_freq": 7,
            "day": false,
            "dayofyear": false,
            "week": false,
            "month": false,
            "quarter": true,
            "year": true,
            "n_lags_reg": 3,
            "n_lags_futr": 5
        }
    },
    "3": {
        "modelo": "LGBM",
        "fch": 10,
        "best_value": 0.20568948456714523,
        "best_params": {
            "lambda_l1": 7.527641155865078e-05,
            "lambda_l2": 0.3273596921862439,
            "num_leaves": 145,
            "n_estimators": 115,
            "learning_rate": 0.4984325999318257,
            "feature_fraction": 0.7146539112763509,
            "min_data_in_leaf": 124,
            "bagging_fraction": 0.18351897995421798,
            "bagging_freq": 2,
            "day": false,
            "dayofyear": true,
            "week": false,
            "month": true,
            "quarter": true,
            "year": true,
            "n_lags_reg": 7,
            "n_lags_futr": 4
        }
    },
    "4": {
        "modelo": "LGBM",
        "fch": 15,
        "best_value": 0.26523879622519503,
        "best_params": {
            "lambda_l1": 0.01653178852346251,
            "lambda_l2": 0.00022696499599841763,
            "num_leaves": 133,
            "n_estimators": 132,
            "learning_rate": 0.0748151190889404,
            "feature_fraction": 0.2511433264050625,
            "min_data_in_leaf": 16,
            "bagging_fraction": 0.9468647847439169,
            "bagging_freq": 14,
            "day": true,
            "dayofyear": true,
            "week": false,
            "month": false,
            "quarter": false,
            "year": false,
            "n_lags_reg": 5,
            "n_lags_futr": 7
        }
    },
    "5": {
        "modelo": "LGBM",
        "fch": 30,
        "best_value": 0.25212989757764054,
        "best_params": {
            "lambda_l1": 0.013273358139104853,
            "lambda_l2": 4.899287657541728,
            "num_leaves": 186,
            "n_estimators": 141,
            "learning_rate": 0.3411438517011588,
            "feature_fraction": 0.035646074615530224,
            "min_data_in_leaf": 52,
            "bagging_fraction": 0.05299950075988695,
            "bagging_freq": 11,
            "day": true,
            "dayofyear": true,
            "week": true,
            "month": true,
            "quarter": true,
            "year": true,
            "n_lags_reg": 7,
            "n_lags_futr": 3
        }
    },
    "6": {
        "modelo": "LGBM",
        "fch": 60,
        "best_value": 0.2613097347840095,
        "best_params": {
            "lambda_l1": 0.007291376489241054,
            "lambda_l2": 1.639988972906808,
            "num_leaves": 19,
            "n_estimators": 34,
            "learning_rate": 0.13712724639531046,
            "feature_fraction": 0.5446415001093657,
            "min_data_in_leaf": 234,
            "bagging_fraction": 0.22943064187658418,
            "bagging_freq": 5,
            "day": true,
            "dayofyear": false,
            "week": false,
            "month": true,
            "quarter": true,
            "year": true,
            "n_lags_reg": 3,
            "n_lags_futr": 6
        }
    },
    "7": {
        "modelo": "LGBM",
        "fch": 90,
        "best_value": 0.3843202583132361,
        "best_params": {
            "lambda_l1": 0.04575878137538584,
            "lambda_l2": 5.282716549605579e-05,
            "num_leaves": 154,
            "n_estimators": 248,
            "learning_rate": 0.10300940658788123,
            "feature_fraction": 0.10346046113603603,
            "min_data_in_leaf": 195,
            "bagging_fraction": 0.23931163742638356,
            "bagging_freq": 6,
            "day": true,
            "dayofyear": true,
            "week": false,
            "month": false,
            "quarter": true,
            "year": false,
            "n_lags_reg": 4,
            "n_lags_futr": 7
        }
    }
}